Department, Sub Department                           , URL
Automotive, Car Electronics & Accessories            , https://www.amazon.com/s?bbn=2562090011&rh=i%3Aspecialty-aps%2Cn%3A2562090011%2Cn%3A%2115690151%2Cn%3A2230642011&s=date-desc-rank&ref_=nav_em__nav_desktop_sa_intl_car_electronics_accessories_0_2_10_3
Automotive, Exterior Accessories                     , https://www.amazon.com/s?bbn=2562090011&rh=i%3Aspecialty-aps%2Cn%3A2562090011%2Cn%3A%2115690151%2Cn%3A15857511&s=date-desc-rank&ref_=nav_em__nav_desktop_sa_intl_exterior_accessories__0_2_10_4
Automotive, Interior Accessories                     , https://www.amazon.com/s?bbn=2562090011&rh=i%3Aspecialty-aps%2Cn%3A2562090011%2Cn%3A%2115690151%2Cn%3A15857501&s=date-desc-rank&ref_=nav_em__nav_desktop_sa_intl_interior_accessories_0_2_10_5
Automotive, Lights & Lighting Accessories            , https://www.amazon.com/s?bbn=2562090011&rh=i%3Aspecialty-aps%2Cn%3A2562090011%2Cn%3A%2115690151%2Cn%3A15736321&s=date-desc-rank&ref_=nav_em__nav_desktop_sa_intl_lights_lighting_accessories_0_2_10_6
Automotive, Motorcycle & Powersports                 , https://www.amazon.com/s?bbn=2562090011&rh=i%3Aspecialty-aps%2Cn%3A2562090011%2Cn%3A%2115690151%2Cn%3A346333011&s=date-desc-rank&ref_=nav_em__nav_desktop_sa_intl_motorcycle_powersports_0_2_10_7
Automotive, Oils & Fluids                            , https://www.amazon.com/s?bbn=2562090011&rh=i%3Aspecialty-aps%2Cn%3A2562090011%2Cn%3A%2115690151%2Cn%3A15718791&s=date-desc-rank&ref_=nav_em__nav_desktop_sa_intl_oils_fluid_0_2_10_8
Automotive, Paint & Paint Supplies                   , https://www.amazon.com/s?bbn=2562090011&rh=i%3Aspecialty-aps%2Cn%3A2562090011%2Cn%3A%2115690151%2Cn%3A13591416011&s=date-desc-rank&ref_=nav_em__nav_desktop_sa_intl_paint_paint_supplies_0_2_10_9
Automotive, Performance Parts & Accessories          , https://www.amazon.com/s?bbn=2562090011&rh=i%3Aspecialty-aps%2Cn%3A2562090011%2Cn%3A%2115690151%2Cn%3A15710351&s=date-desc-rank&ref_=nav_em__nav_desktop_sa_intl_performance_parts_accessories_0_2_10_10
Automotive, RV Parts & Accessories                   , https://www.amazon.com/s?bbn=2562090011&rh=i%3Aspecialty-aps%2Cn%3A2562090011%2Cn%3A%2115690151%2Cn%3A2258019011&s=date-desc-rank&ref_=nav_em__nav_desktop_sa_intl_rv_parts_accessories_0_2_10_12
Automotive, Tires & Wheels                           , https://www.amazon.com/s?bbn=2562090011&rh=i%3Aspecialty-aps%2Cn%3A2562090011%2Cn%3A%2115690151%2Cn%3A15706571&s=date-desc-rank&ref_=nav_em__nav_desktop_sa_intl_tires_wheels_0_2_10_13
Automotive, Tools & Equipment                        , https://www.amazon.com/s?bbn=2562090011&rh=i%3Aspecialty-aps%2Cn%3A2562090011%2Cn%3A%2115690151%2Cn%3A15706941&s=date-desc-rank&ref_=nav_em__nav_desktop_sa_intl_tools_equipment_0_2_10_14
Automotive, Automotive Enthusiast Merchandise        , https://www.amazon.com/s?bbn=2562090011&rh=i%3Aspecialty-aps%2Cn%3A2562090011%2Cn%3A%2115690151%2Cn%3A2204830011&s=date-desc-rank&ref_=nav_em__nav_desktop_sa_intl_automotive_enthusiast_merchandise_0_2_10_15
