Department,Sub Department,URL
Automotive,Car Care,https://www.amazon.com/s?bbn=2562090011&rh=i%3Aspecialty-aps%2Cn%3A2562090011%2Cn%3A%2115690151%2Cn%3A15718271&ref_=nav_em__nav_desktop_sa_intl_car_care_0_2_10_2
Automotive,Car Electronics & Accessories,https://www.amazon.com/s?bbn=2562090011&rh=i%3Aspecialty-aps%2Cn%3A2562090011%2Cn%3A%2115690151%2Cn%3A2230642011&ref_=nav_em__nav_desktop_sa_intl_car_electronics_accessories_0_2_10_3
Automotive,Exterior Accessories,https://www.amazon.com/s?bbn=2562090011&rh=i%3Aspecialty-aps%2Cn%3A2562090011%2Cn%3A%2115690151%2Cn%3A15857511&ref_=nav_em__nav_desktop_sa_intl_exterior_accessories__0_2_10_4
Automotive,Interior Accessories,https://www.amazon.com/s?bbn=2562090011&rh=i%3Aspecialty-aps%2Cn%3A2562090011%2Cn%3A%2115690151%2Cn%3A15857501&ref_=nav_em__nav_desktop_sa_intl_interior_accessories_0_2_10_5
Automotive,Lights & Lighting Accessories,https://www.amazon.com/s?bbn=2562090011&rh=i%3Aspecialty-aps%2Cn%3A2562090011%2Cn%3A%2115690151%2Cn%3A15736321&ref_=nav_em__nav_desktop_sa_intl_lights_lighting_accessories_0_2_10_6
Automotive,Motorcycle & Powersports,https://www.amazon.com/s?bbn=2562090011&rh=i%3Aspecialty-aps%2Cn%3A2562090011%2Cn%3A%2115690151%2Cn%3A346333011&ref_=nav_em__nav_desktop_sa_intl_motorcycle_powersports_0_2_10_7
Automotive,Oils & Fluids,https://www.amazon.com/s?bbn=2562090011&rh=i%3Aspecialty-aps%2Cn%3A2562090011%2Cn%3A%2115690151%2Cn%3A15718791&ref_=nav_em__nav_desktop_sa_intl_oils_fluid_0_2_10_8
Automotive,Paint & Paint Supplies,https://www.amazon.com/s?bbn=2562090011&rh=i%3Aspecialty-aps%2Cn%3A2562090011%2Cn%3A%2115690151%2Cn%3A13591416011&ref_=nav_em__nav_desktop_sa_intl_paint_paint_supplies_0_2_10_9
Automotive,Performance Parts & Accessories,https://www.amazon.com/s?bbn=2562090011&rh=i%3Aspecialty-aps%2Cn%3A2562090011%2Cn%3A%2115690151%2Cn%3A15710351&ref_=nav_em__nav_desktop_sa_intl_performance_parts_accessories_0_2_10_10
Automotive,Replacement Parts,https://www.amazon.com/s?bbn=2562090011&rh=i%3Aspecialty-aps%2Cn%3A2562090011%2Cn%3A%2115690151%2Cn%3A15719731&ref_=nav_em__nav_desktop_sa_intl_replacement_parts_0_2_10_11
Automotive,RV Parts & Accessories,https://www.amazon.com/s?bbn=2562090011&rh=i%3Aspecialty-aps%2Cn%3A2562090011%2Cn%3A%2115690151%2Cn%3A2258019011&ref_=nav_em__nav_desktop_sa_intl_rv_parts_accessories_0_2_10_12
Automotive,Tires & Wheels,https://www.amazon.com/s?bbn=2562090011&rh=i%3Aspecialty-aps%2Cn%3A2562090011%2Cn%3A%2115690151%2Cn%3A15706571&ref_=nav_em__nav_desktop_sa_intl_tires_wheels_0_2_10_13
Automotive,Tools & Equipment,https://www.amazon.com/s?bbn=2562090011&rh=i%3Aspecialty-aps%2Cn%3A2562090011%2Cn%3A%2115690151%2Cn%3A15706941&ref_=nav_em__nav_desktop_sa_intl_tools_equipment_0_2_10_14
Automotive,Automotive Enthusiast Merchandise,https://www.amazon.com/s?bbn=2562090011&rh=i%3Aspecialty-aps%2Cn%3A2562090011%2Cn%3A%2115690151%2Cn%3A2204830011&ref_=nav_em__nav_desktop_sa_intl_automotive_enthusiast_merchandise_0_2_10_15
Automotive,Heavy Duty & Commercial Vehicle Equipment,https://www.amazon.com/s?bbn=2562090011&rh=i%3Aspecialty-aps%2Cn%3A2562090011%2Cn%3A%2115690151%2Cn%3A15682003011&ref_=nav_em__nav_desktop_sa_intl_heavyduty_commercial_0_2_10_16
Automotive,Amazon Autos,https://www.amazon.com/gp/browse.html?node=10677469011&ref_=nav_em_0_2_10_17
Baby,Activity & Entertainment,https://www.amazon.com/s?bbn=16225005011&rh=i%3Aspecialty-aps%2Cn%3A%2116225005011%2Cn%3A239225011&ref_=nav_em__nav_desktop_sa_intl_activity_entertainment_0_2_11_2
Baby,Apparel & Accessories,https://www.amazon.com/s?bbn=16225005011&rh=i%3Aspecialty-aps%2Cn%3A%2116225005011%2Cn%3A7147444011&ref_=nav_em__nav_desktop_sa_intl_apparel_accessories_0_2_11_3
Baby,Baby & Toddler Toys,https://www.amazon.com/s?bbn=16225005011&rh=i%3Aspecialty-aps%2Cn%3A%2116225005011%2Cn%3A196601011&ref_=nav_em__nav_desktop_sa_intl_baby_toddler_toys_0_2_11_4
Baby,Baby Care,https://www.amazon.com/s?bbn=16225005011&rh=i%3Aspecialty-aps%2Cn%3A%2116225005011%2Cn%3A17720255011&ref_=nav_em__nav_desktop_sa_intl_baby_care_0_2_11_5
Baby,Baby Stationery,https://www.amazon.com/s?bbn=16225005011&rh=i%3Aspecialty-aps%2Cn%3A%2116225005011%2Cn%3A405369011&ref_=nav_em__nav_desktop_sa_intl_baby_stationary_0_2_11_6
Baby,Car Seats & Accessories,https://www.amazon.com/s?bbn=16225005011&rh=i%3Aspecialty-aps%2Cn%3A%2116225005011%2Cn%3A166835011&ref_=nav_em__nav_desktop_sa_intl_car_seats_accessories_0_2_11_7
Baby,Diapering,https://www.amazon.com/s?bbn=16225005011&rh=i%3Aspecialty-aps%2Cn%3A%2116225005011%2Cn%3A166764011&ref_=nav_em__nav_desktop_sa_intl_diapering_0_2_11_8
Baby,Feeding,https://www.amazon.com/s?bbn=16225005011&rh=i%3Aspecialty-aps%2Cn%3A%2116225005011%2Cn%3A166777011&ref_=nav_em__nav_desktop_sa_intl_feeding_0_2_11_9
Baby,Gifts,https://www.amazon.com/s?bbn=16225005011&rh=i%3Aspecialty-aps%2Cn%3A%2116225005011%2Cn%3A239226011&ref_=nav_em__nav_desktop_sa_intl_gifts_0_2_11_10
Baby,Nursery,https://www.amazon.com/s?bbn=16225005011&rh=i%3Aspecialty-aps%2Cn%3A%2116225005011%2Cn%3A695338011&ref_=nav_em__nav_desktop_sa_intl_nursery_0_2_11_11
Baby,Potty Training,https://www.amazon.com/s?bbn=16225005011&rh=i%3Aspecialty-aps%2Cn%3A%2116225005011%2Cn%3A166887011&ref_=nav_em__nav_desktop_sa_intl_potty_training_0_2_11_12
Baby,Pregnancy & Maternity,https://www.amazon.com/s?bbn=16225005011&rh=i%3Aspecialty-aps%2Cn%3A%2116225005011%2Cn%3A166804011&ref_=nav_em__nav_desktop_sa_intl_pregnancy_and_maternity_0_2_11_13
Baby,Safety,https://www.amazon.com/s?bbn=16225005011&rh=i%3Aspecialty-aps%2Cn%3A%2116225005011%2Cn%3A166863011&ref_=nav_em__nav_desktop_sa_intl_safety_0_2_11_14
Baby,Strollers & Accessories,https://www.amazon.com/s?bbn=16225005011&rh=i%3Aspecialty-aps%2Cn%3A%2116225005011%2Cn%3A8446318011&ref_=nav_em__nav_desktop_sa_intl_strollers_and_accessories_0_2_11_15
Baby,Travel Gear,https://www.amazon.com/s?bbn=16225005011&rh=i%3Aspecialty-aps%2Cn%3A%2116225005011%2Cn%3A17726796011&ref_=nav_em__nav_desktop_sa_intl_travel_gear_0_2_11_16
Beauty and Personal Care,Makeup,https://www.amazon.com/s?bbn=16225006011&rh=i%3Aspecialty-aps%2Cn%3A%2116225006011%2Cn%3A11058281&ref_=nav_em__nav_desktop_sa_intl_makeup_0_2_12_2
Beauty and Personal Care,Skin Care,https://www.amazon.com/s?bbn=16225006011&rh=i%3Aspecialty-aps%2Cn%3A%2116225006011%2Cn%3A11060451&ref_=nav_em__nav_desktop_sa_intl_skin_care_0_2_12_3
Beauty and Personal Care,Hair Care,https://www.amazon.com/s?bbn=16225006011&rh=i%3Aspecialty-aps%2Cn%3A%2116225006011%2Cn%3A11057241&ref_=nav_em__nav_desktop_sa_intl__0_2_12_4
Beauty and Personal Care,Fragrance,https://www.amazon.com/s?bbn=16225006011&rh=i%3Aspecialty-aps%2Cn%3A%2116225006011%2Cn%3A11056591&ref_=nav_em__nav_desktop_sa_intl_fragrance_0_2_12_5
Beauty and Personal Care,"Foot, Hand & Nail Care",https://www.amazon.com/s?bbn=16225006011&rh=i%3Aspecialty-aps%2Cn%3A%2116225006011%2Cn%3A17242866011&ref_=nav_em__nav_desktop_sa_intl_foot_hand_and_nail_care_0_2_12_6
Beauty and Personal Care,Tools & Accessories,https://www.amazon.com/s?bbn=16225006011&rh=i%3Aspecialty-aps%2Cn%3A%2116225006011%2Cn%3A11062741&ref_=nav_em__nav_desktop_sa_intl_tools_and_accessories_0_2_12_7
Beauty and Personal Care,Shave & Hair Removal,https://www.amazon.com/s?bbn=16225006011&rh=i%3Aspecialty-aps%2Cn%3A%2116225006011%2Cn%3A3778591&ref_=nav_em__nav_desktop_sa_intl_shave_and_hair_removal_0_2_12_8
Beauty and Personal Care,Personal Care,https://www.amazon.com/s?bbn=16225006011&rh=i%3Aspecialty-aps%2Cn%3A%2116225006011%2Cn%3A3777891&ref_=nav_em__nav_desktop_sa_intl_personal_care_0_2_12_9
Beauty and Personal Care,Oral Care,https://www.amazon.com/s?bbn=16225006011&rh=i%3Aspecialty-aps%2Cn%3A%2116225006011%2Cn%3A10079992011&ref_=nav_em__nav_desktop_sa_intl_oral_care_0_2_12_10
Women's Fashion,Clothing,https://www.amazon.com/s?bbn=16225018011&rh=i%3Aspecialty-aps%2Cn%3A7141123011%2Cn%3A16225018011%2Cn%3A1040660&ref_=nav_em__nav_desktop_sa_intl_clothing_0_2_13_2
Women's Fashion,Shoes,https://www.amazon.com/s?bbn=16225018011&rh=i%3Aspecialty-aps%2Cn%3A7141123011%2Cn%3A16225018011%2Cn%3A679337011&ref_=nav_em__nav_desktop_sa_intl_shoes_0_2_13_3
Women's Fashion,Jewelry,https://www.amazon.com/s?bbn=16225018011&rh=i%3Aspecialty-aps%2Cn%3A7141123011%2Cn%3A16225018011%2Cn%3A7192394011&ref_=nav_em__nav_desktop_sa_intl_jewelry_0_2_13_4
Women's Fashion,Watches,https://www.amazon.com/s?bbn=16225018011&rh=i%3Aspecialty-aps%2Cn%3A7141123011%2Cn%3A16225018011%2Cn%3A6358543011&ref_=nav_em__nav_desktop_sa_intl_watches_0_2_13_5
Women's Fashion,Handbags,https://www.amazon.com/s?bbn=16225018011&rh=i%3Aspecialty-aps%2Cn%3A7141123011%2Cn%3A16225018011%2Cn%3A15743631&ref_=nav_em__nav_desktop_sa_intl_handbags_0_2_13_6
Women's Fashion,Accessories,https://www.amazon.com/s?bbn=16225018011&rh=i%3Aspecialty-aps%2Cn%3A7141123011%2Cn%3A16225018011%2Cn%3A2474936011&ref_=nav_em__nav_desktop_sa_intl_accessories_0_2_13_7
Men's Fashion,Clothing,https://www.amazon.com/s?bbn=16225019011&rh=i%3Aspecialty-aps%2Cn%3A7141123011%2Cn%3A16225019011%2Cn%3A1040658&ref_=nav_em__nav_desktop_sa_intl_clothing_0_2_14_2
Men's Fashion,Shoes,https://www.amazon.com/s?bbn=16225019011&rh=i%3Aspecialty-aps%2Cn%3A7141123011%2Cn%3A16225019011%2Cn%3A679255011&ref_=nav_em__nav_desktop_sa_intl_shoes_0_2_14_3
Men's Fashion,Watches,https://www.amazon.com/s?bbn=16225019011&rh=i%3Aspecialty-aps%2Cn%3A7141123011%2Cn%3A16225019011%2Cn%3A6358539011&ref_=nav_em__nav_desktop_sa_intl_watches_0_2_14_4
Men's Fashion,Accessories,https://www.amazon.com/s?bbn=16225019011&rh=i%3Aspecialty-aps%2Cn%3A7141123011%2Cn%3A16225019011%2Cn%3A2474937011&ref_=nav_em__nav_desktop_sa_intl_accessories_0_2_14_5
Girls' Fashion,Clothing,https://www.amazon.com/s?bbn=16225020011&rh=i%3Aspecialty-aps%2Cn%3A7141123011%2Cn%3A16225020011%2Cn%3A1040664&ref_=nav_em__nav_desktop_sa_intl_clothing_0_2_15_2
Girls' Fashion,Shoes,https://www.amazon.com/s?bbn=16225020011&rh=i%3Aspecialty-aps%2Cn%3A7141123011%2Cn%3A16225020011%2Cn%3A679217011&ref_=nav_em__nav_desktop_sa_intl_shoes_0_2_15_3
Girls' Fashion,Jewelry,https://www.amazon.com/s?bbn=16225020011&rh=i%3Aspecialty-aps%2Cn%3A7141123011%2Cn%3A16225020011%2Cn%3A3880961&ref_=nav_em__nav_desktop_sa_intl_jewelry_0_2_15_4
Girls' Fashion,Watches,https://www.amazon.com/s?bbn=16225020011&rh=i%3Aspecialty-aps%2Cn%3A7141123011%2Cn%3A16225020011%2Cn%3A6358547011&ref_=nav_em__nav_desktop_sa_intl_watches_0_2_15_5
Girls' Fashion,Accessories,https://www.amazon.com/s?bbn=16225020011&rh=i%3Aspecialty-aps%2Cn%3A7141123011%2Cn%3A16225020011%2Cn%3A2474938011&ref_=nav_em__nav_desktop_sa_intl_accessories_0_2_15_6
Girls' Fashion,School Uniforms,https://www.amazon.com/s?bbn=16225020011&rh=i%3Aspecialty-aps%2Cn%3A7141123011%2Cn%3A7147442011%2Cn%3A7581687011&ref_=nav_em__nav_desktop_sa_intl_school_uniforms_0_2_15_7
Boys' Fashion,Clothing,https://www.amazon.com/s?bbn=16225021011&rh=i%3Aspecialty-aps%2Cn%3A7141123011%2Cn%3A16225021011%2Cn%3A1040666&ref_=nav_em__nav_desktop_sa_intl_clothing_0_2_16_2
Boys' Fashion,Shoes,https://www.amazon.com/s?bbn=16225021011&rh=i%3Aspecialty-aps%2Cn%3A7141123011%2Cn%3A16225021011%2Cn%3A679182011&ref_=nav_em__nav_desktop_sa_intl_shoes_0_2_16_3
Boys' Fashion,Jewelry,https://www.amazon.com/s?bbn=16225021011&rh=i%3Aspecialty-aps%2Cn%3A7141123011%2Cn%3A16225021011%2Cn%3A3880611&ref_=nav_em__nav_desktop_sa_intl_jewelry_0_2_16_4
Boys' Fashion,Watches,https://www.amazon.com/s?bbn=16225021011&rh=i%3Aspecialty-aps%2Cn%3A7141123011%2Cn%3A16225021011%2Cn%3A6358551011&ref_=nav_em__nav_desktop_sa_intl_watches_0_2_16_5
Boys' Fashion,Accessories,https://www.amazon.com/s?bbn=16225021011&rh=i%3Aspecialty-aps%2Cn%3A7141123011%2Cn%3A16225021011%2Cn%3A2474939011&ref_=nav_em__nav_desktop_sa_intl_accessories_0_2_16_6
Boys' Fashion,School Uniforms,https://www.amazon.com/s?bbn=7581691011&rh=i%3Aspecialty-aps%2Cn%3A7141123011%2Cn%3A7147443011%2Cn%3A7581691011&ref_=nav_em__nav_desktop_sa_intl_school_uniforms_0_2_16_7
Health and Household,Baby & Child Care,https://www.amazon.com/s?bbn=16225010011&rh=i%3Aspecialty-aps%2Cn%3A%2116225010011%2Cn%3A10787321&ref_=nav_em__nav_desktop_sa_intl_baby_and_child_care_0_2_17_2
Health and Household,Health Care,https://www.amazon.com/s?bbn=16225010011&rh=i%3Aspecialty-aps%2Cn%3A%2116225010011%2Cn%3A3760941&ref_=nav_em__nav_desktop_sa_intl_health_care_0_2_17_3
Health and Household,Household Supplies,https://www.amazon.com/s?bbn=16225010011&rh=i%3Aspecialty-aps%2Cn%3A%2116225010011%2Cn%3A15342811&ref_=nav_em__nav_desktop_sa_intl_household_supplies_0_2_17_4
Health and Household,Medical Supplies & Equipment,https://www.amazon.com/s?bbn=16225010011&rh=i%3Aspecialty-aps%2Cn%3A%2116225010011%2Cn%3A3775161&ref_=nav_em__nav_desktop_sa_intl_medical_supplies_and_equipment_0_2_17_5
Health and Household,Oral Care,https://www.amazon.com/s?bbn=16225010011&rh=i%3Aspecialty-aps%2Cn%3A%2116225010011%2Cn%3A10079992011&ref_=nav_em__nav_desktop_sa_intl_oral_care_0_2_17_6
Health and Household,Personal Care,https://www.amazon.com/s?bbn=16225010011&rh=i%3Aspecialty-aps%2Cn%3A%2116225010011%2Cn%3A3777891&ref_=nav_em__nav_desktop_sa_intl_personal_care_0_2_17_7
Health and Household,Sexual Wellness,https://www.amazon.com/s?bbn=16225010011&rh=i%3Aspecialty-aps%2Cn%3A%2116225010011%2Cn%3A3777371&ref_=nav_em__nav_desktop_sa_intl_sexual_wellness_0_2_17_8
Health and Household,Sports Nutrition,https://www.amazon.com/s?bbn=16225010011&rh=i%3Aspecialty-aps%2Cn%3A%2116225010011%2Cn%3A6973663011&ref_=nav_em__nav_desktop_sa_intl_sports_nutrition_0_2_17_9
Health and Household,Stationery & Gift Wrapping Supplies,https://www.amazon.com/s?bbn=16225010011&rh=i%3Aspecialty-aps%2Cn%3A%2116225010011%2Cn%3A723418011&ref_=nav_em__nav_desktop_sa_intl_stationery_and_gift_wrapping_supplies_0_2_17_10
Health and Household,Vision Care,https://www.amazon.com/s?bbn=16225010011&rh=i%3Aspecialty-aps%2Cn%3A%2116225010011%2Cn%3A10079994011&ref_=nav_em__nav_desktop_sa_intl_vision_care_0_2_17_11
Health and Household,Vitamins & Dietary Supplements,https://www.amazon.com/s?bbn=16225010011&rh=i%3Aspecialty-aps%2Cn%3A%2116225010011%2Cn%3A3764441&ref_=nav_em__nav_desktop_sa_intl_vitamins_and_dietary_supplements_0_2_17_12
Health and Household,Wellness & Relaxation,https://www.amazon.com/s?bbn=16225010011&rh=i%3Aspecialty-aps%2Cn%3A%2116225010011%2Cn%3A10079996011&ref_=nav_em__nav_desktop_sa_intl_wellness_and_relaxation_0_2_17_13
Home and Kitchen,Kids' Home Store,https://www.amazon.com/s?bbn=16225011011&rh=i%3Aspecialty-aps%2Cn%3A%2116225011011%2Cn%3A3206325011&ref_=nav_em__nav_desktop_sa_intl_kids_home_store_0_2_18_2
Home and Kitchen,Kitchen & Dining,https://www.amazon.com/s?bbn=16225011011&rh=i%3Aspecialty-aps%2Cn%3A%2116225011011%2Cn%3A284507&ref_=nav_em__nav_desktop_sa_intl_kitchen_and_dining_0_2_18_3
Home and Kitchen,Bedding,https://www.amazon.com/s?bbn=16225011011&rh=i%3Aspecialty-aps%2Cn%3A%2116225011011%2Cn%3A1063252&ref_=nav_em__nav_desktop_sa_intl_bedding_0_2_18_4
Home and Kitchen,Bath,https://www.amazon.com/s?bbn=16225011011&rh=i%3Aspecialty-aps%2Cn%3A%2116225011011%2Cn%3A1063236&ref_=nav_em__nav_desktop_sa_intl_bath_0_2_18_5
Home and Kitchen,Furniture,https://www.amazon.com/s?bbn=16225011011&rh=i%3Aspecialty-aps%2Cn%3A%2116225011011%2Cn%3A1063306&ref_=nav_em__nav_desktop_sa_intl_furniture_0_2_18_6
Home and Kitchen,Home Décor,https://www.amazon.com/s?bbn=16225011011&rh=i%3Aspecialty-aps%2Cn%3A%2116225011011%2Cn%3A1063278&ref_=nav_em__nav_desktop_sa_intl_home_decor_0_2_18_7
Home and Kitchen,Wall Art,https://www.amazon.com/s?bbn=16225011011&rh=i%3Aspecialty-aps%2Cn%3A%2116225011011%2Cn%3A3736081&ref_=nav_em__nav_desktop_sa_intl_wall_art_0_2_18_8
Home and Kitchen,Lighting & Ceiling Fans,https://www.amazon.com/s?bbn=16225011011&rh=i%3Aspecialty-aps%2Cn%3A%2116225011011%2Cn%3A16510975011&ref_=nav_em__nav_desktop_sa_intl_lighting_and_ceiling_fans_0_2_18_9
Home and Kitchen,Seasonal Décor,https://www.amazon.com/s?bbn=16225011011&rh=i%3Aspecialty-aps%2Cn%3A%2116225011011%2Cn%3A13679381&ref_=nav_em__nav_desktop_sa_intl_seasonal_decor_0_2_18_10
Home and Kitchen,Event & Party Supplies,https://www.amazon.com/s?bbn=16225011011&rh=i%3Aspecialty-aps%2Cn%3A%2116225011011%2Cn%3A901590&ref_=nav_em__nav_desktop_sa_intl_event_and_party_supplies_0_2_18_11
Home and Kitchen,"Heating, Cooling & Air Quality",https://www.amazon.com/s?bbn=16225011011&rh=i%3Aspecialty-aps%2Cn%3A%2116225011011%2Cn%3A3206324011&ref_=nav_em__nav_desktop_sa_intl_heating_cooling_and_air_quality_0_2_18_12
Home and Kitchen,Irons & Steamers,https://www.amazon.com/s?bbn=16225011011&rh=i%3Aspecialty-aps%2Cn%3A%2116225011011%2Cn%3A510240&ref_=nav_em__nav_desktop_sa_intl_heating_cooling_and_air_quality_0_2_18_13
Home and Kitchen,Vacuums & Floor Care,https://www.amazon.com/s?bbn=16225011011&rh=i%3Aspecialty-aps%2Cn%3A%2116225011011%2Cn%3A510106&ref_=nav_em__nav_desktop_sa_intl_vacuums_and_floor_care_0_2_18_14
Home and Kitchen,Storage & Organization,https://www.amazon.com/s?bbn=16225011011&rh=i%3Aspecialty-aps%2Cn%3A%2116225011011%2Cn%3A3610841&ref_=nav_em__nav_desktop_sa_intl_storage_and_organization_0_2_18_15
Home and Kitchen,Cleaning Supplies,https://www.amazon.com/s?bbn=16225011011&rh=i%3Aspecialty-aps%2Cn%3A%2116225011011%2Cn%3A10802561&ref_=nav_em__nav_desktop_sa_intl_cleaning_supplies_0_2_18_16
Industrial and Scientific,Abrasive & Finishing Products,https://www.amazon.com/s?bbn=16225012011&rh=i%3Aspecialty-aps%2Cn%3A%2116225012011%2Cn%3A256167011&ref_=nav_em__nav_desktop_sa_intl_abrasive_and_finishing_products_0_2_19_2
Industrial and Scientific,Additive Manufacturing Products,https://www.amazon.com/s?bbn=16225012011&rh=i%3Aspecialty-aps%2Cn%3A%2116225012011%2Cn%3A6066126011&ref_=nav_em__nav_desktop_sa_intl_additive_manufacturing_products_0_2_19_3
Industrial and Scientific,Commercial Door Products,https://www.amazon.com/s?bbn=16225012011&rh=i%3Aspecialty-aps%2Cn%3A%2116225012011%2Cn%3A10773802011&ref_=nav_em__nav_desktop_sa_intl_commercial_door_products_0_2_19_4
Industrial and Scientific,Cutting Tools,https://www.amazon.com/s?bbn=16225012011&rh=i%3Aspecialty-aps%2Cn%3A%2116225012011%2Cn%3A383598011&ref_=nav_em__nav_desktop_sa_intl_cutting_tools_0_2_19_5
Industrial and Scientific,Fasteners,https://www.amazon.com/s?bbn=16225012011&rh=i%3Aspecialty-aps%2Cn%3A%2116225012011%2Cn%3A383599011&ref_=nav_em__nav_desktop_sa_intl_fasteners_0_2_19_6
Industrial and Scientific,Filtration,https://www.amazon.com/s?bbn=16225012011&rh=i%3Aspecialty-aps%2Cn%3A%2116225012011%2Cn%3A3061625011&ref_=nav_em__nav_desktop_sa_intl_filtration_0_2_19_7
Industrial and Scientific,Food Service Equipment & Supplies,https://www.amazon.com/s?bbn=16225012011&rh=i%3Aspecialty-aps%2Cn%3A%2116225012011%2Cn%3A6054382011&ref_=nav_em__nav_desktop_sa_intl_food_service_equipment_and_supplies_0_2_19_8
Industrial and Scientific,"Hydraulics, Pneumatics & Plumbing",https://www.amazon.com/s?bbn=16225012011&rh=i%3Aspecialty-aps%2Cn%3A%2116225012011%2Cn%3A3021479011&ref_=nav_em__nav_desktop_sa_intl_hydraulics_pneumatics_and_plumbing_0_2_19_9
Industrial and Scientific,Industrial Electrical,https://www.amazon.com/s?bbn=16225012011&rh=i%3Aspecialty-aps%2Cn%3A%2116225012011%2Cn%3A306506011&ref_=nav_em__nav_desktop_sa_intl_industrial_electrical_0_2_19_10
Industrial and Scientific,Industrial Hardware,https://www.amazon.com/s?bbn=16225012011&rh=i%3Aspecialty-aps%2Cn%3A%2116225012011%2Cn%3A16412251&ref_=nav_em__nav_desktop_sa_intl_industrial_hardware_0_2_19_11
Industrial and Scientific,Industrial Power & Hand Tools,https://www.amazon.com/s?bbn=16225012011&rh=i%3Aspecialty-aps%2Cn%3A%2116225012011%2Cn%3A3021459011&ref_=nav_em__nav_desktop_sa_intl_industrial_power_and_hand_tools_0_2_19_12
Industrial and Scientific,Janitorial & Sanitation Supplies,https://www.amazon.com/s?bbn=16225012011&rh=i%3Aspecialty-aps%2Cn%3A%2116225012011%2Cn%3A317971011&ref_=nav_em__nav_desktop_sa_intl_janitorial_and_sanitation_supplies_0_2_19_13
Industrial and Scientific,Lab & Scientific Products,https://www.amazon.com/s?bbn=16225012011&rh=i%3Aspecialty-aps%2Cn%3A%2116225012011%2Cn%3A317970011&ref_=nav_em__nav_desktop_sa_intl_lab_and_scientific_products_0_2_19_14
Industrial and Scientific,Material Handling Products,https://www.amazon.com/s?bbn=16225012011&rh=i%3Aspecialty-aps%2Cn%3A%2116225012011%2Cn%3A256346011&ref_=nav_em__nav_desktop_sa_intl_material_handling_products_0_2_19_15
Industrial and Scientific,Occupational Health & Safety Products,https://www.amazon.com/s?bbn=16225012011&rh=i%3Aspecialty-aps%2Cn%3A%2116225012011%2Cn%3A318135011&ref_=nav_em__nav_desktop_sa_intl_occupational_health_and_safety_products_0_2_19_16
Industrial and Scientific,Packaging & Shipping Supplies,https://www.amazon.com/s?bbn=16225012011&rh=i%3Aspecialty-aps%2Cn%3A%2116225012011%2Cn%3A8553197011&ref_=nav_em__nav_desktop_sa_intl_packaging_and_shipping_supplies_0_2_19_17
Industrial and Scientific,Power Transmission Products,https://www.amazon.com/s?bbn=16225012011&rh=i%3Aspecialty-aps%2Cn%3A%2116225012011%2Cn%3A16310181&ref_=nav_em__nav_desktop_sa_intl_power_transmission_products_0_2_19_18
Industrial and Scientific,Professional Dental Supplies,https://www.amazon.com/s?bbn=16225012011&rh=i%3Aspecialty-aps%2Cn%3A%2116225012011%2Cn%3A8297371011&ref_=nav_em__nav_desktop_sa_intl_professional_dental_supplies_0_2_19_19
Industrial and Scientific,Professional Medical Supplies,https://www.amazon.com/s?bbn=16225012011&rh=i%3Aspecialty-aps%2Cn%3A%2116225012011%2Cn%3A8297370011&ref_=nav_em__nav_desktop_sa_intl_professional_medical_supplies_0_2_19_20
Industrial and Scientific,Raw Materials,https://www.amazon.com/s?bbn=16225012011&rh=i%3Aspecialty-aps%2Cn%3A%2116225012011%2Cn%3A16310191&ref_=nav_em__nav_desktop_sa_intl_raw_materials_0_2_19_21
Industrial and Scientific,Retail Store Fixtures & Equipment,https://www.amazon.com/s?bbn=16225012011&rh=i%3Aspecialty-aps%2Cn%3A%2116225012011%2Cn%3A8615538011&ref_=nav_em__nav_desktop_sa_intl_retail_store_fixtures_and_equipment_0_2_19_22
Industrial and Scientific,Robotics,https://www.amazon.com/s?bbn=16225012011&rh=i%3Aspecialty-aps%2Cn%3A%2116225012011%2Cn%3A8498884011&ref_=nav_em__nav_desktop_sa_intl_robotics_0_2_19_23
Industrial and Scientific,Science Education,https://www.amazon.com/s?bbn=16225012011&rh=i%3Aspecialty-aps%2Cn%3A%2116225012011%2Cn%3A393459011&ref_=nav_em__nav_desktop_sa_intl_science_education_0_2_19_24
Industrial and Scientific,"Tapes, Adhesives & Sealants",https://www.amazon.com/s?bbn=16225012011&rh=i%3Aspecialty-aps%2Cn%3A%2116225012011%2Cn%3A256225011&ref_=nav_em__nav_desktop_sa_intl_tapes_adhesives_and_sealants_0_2_19_25
Industrial and Scientific,"Test, Measure & Inspect",https://www.amazon.com/s?bbn=16225012011&rh=i%3Aspecialty-aps%2Cn%3A%2116225012011%2Cn%3A256409011&ref_=nav_em__nav_desktop_sa_intl_test_measure_and_inspect_0_2_19_26
Luggage,Carry-ons,https://www.amazon.com/s?bbn=16225017011&rh=i%3Afashion-luggage%2Cn%3A7141123011%2Cn%3A16225017011%2Cn%3A15743251%2Cn%3A15743261&ref_=nav_em__nav_desktop_sa_intl_carry_ons_0_2_20_2
Luggage,Backpacks,https://www.amazon.com/s?bbn=16225017011&rh=i%3Afashion-luggage%2Cn%3A7141123011%2Cn%3A16225017011%2Cn%3A360832011&ref_=nav_em__nav_desktop_sa_intl_backpacks_0_2_20_3
Luggage,Garment bags,https://www.amazon.com/s?bbn=16225017011&rh=i%3Afashion-luggage%2Cn%3A7141123011%2Cn%3A16225017011%2Cn%3A15743251%2Cn%3A15743271&ref_=nav_em__nav_desktop_sa_intl_garment_bags_0_2_20_4
Luggage,Travel Totes,https://www.amazon.com/s?bbn=16225017011&rh=i%3Afashion-luggage%2Cn%3A7141123011%2Cn%3A16225017011%2Cn%3A15743241&ref_=nav_em__nav_desktop_sa_intl_travel_totes_0_2_20_5
Luggage,Luggage Sets,https://www.amazon.com/s?bbn=16225017011&rh=i%3Afashion-luggage%2Cn%3A7141123011%2Cn%3A16225017011%2Cn%3A15743251%2Cn%3A15743291&ref_=nav_em__nav_desktop_sa_intl_luggage_sets_0_2_20_6
Luggage,Laptop Bags,https://www.amazon.com/s?bbn=16225017011&rh=i%3Afashion-luggage%2Cn%3A7141123011%2Cn%3A16225017011%2Cn%3A9971584011&ref_=nav_em__nav_desktop_sa_intl_laptop_bags_0_2_20_7
Luggage,Suitcases,https://www.amazon.com/s?bbn=16225017011&rh=i%3Afashion-luggage%2Cn%3A7141123011%2Cn%3A16225017011%2Cn%3A15743251%2Cn%3A2477388011&ref_=nav_em__nav_desktop_sa_intl_suitcases_0_2_20_8
Luggage,Kids Luggage,https://www.amazon.com/s?bbn=16225017011&rh=i%3Afashion-luggage%2Cn%3A7141123011%2Cn%3A16225017011%2Cn%3A15743251%2Cn%3A2477386011&ref_=nav_em__nav_desktop_sa_intl_kids_luggage_0_2_20_9
Luggage,Messenger Bags,https://www.amazon.com/s?bbn=16225017011&rh=i%3Afashion-luggage%2Cn%3A7141123011%2Cn%3A16225017011%2Cn%3A15743231&ref_=nav_em__nav_desktop_sa_intl_messenger_bags_0_2_20_10
Luggage,Umbrellas,https://www.amazon.com/s?bbn=16225017011&rh=i%3Afashion-luggage%2Cn%3A7141123011%2Cn%3A16225017011%2Cn%3A15744111&ref_=nav_em__nav_desktop_sa_intl_umbrellas_0_2_20_11
Luggage,Duffles,https://www.amazon.com/s?bbn=16225017011&rh=i%3Afashion-luggage%2Cn%3A7141123011%2Cn%3A16225017011%2Cn%3A15743211&ref_=nav_em__nav_desktop_sa_intl_duffles_0_2_20_12
Luggage,Travel Accessories,https://www.amazon.com/s?bbn=16225017011&rh=i%3Afashion-luggage%2Cn%3A7141123011%2Cn%3A16225017011%2Cn%3A15743971&ref_=nav_em__nav_desktop_sa_intl_travel_accessories_0_2_20_13
Movies & Television,Movies,https://www.amazon.com/gp/browse.html?node=2649512011&ref_=nav_em__nav_desktop_sa_intl_movies_0_2_21_2
Movies & Television,TV Shows,https://www.amazon.com/gp/browse.html?node=2649513011&ref_=nav_em__nav_desktop_sa_intl_tv_shows_0_2_21_3
Movies & Television,Blu-ray,https://www.amazon.com/gp/browse.html?node=2901953011&ref_=nav_em__nav_desktop_sa_intl_blu_ray_0_2_21_4
Movies & Television,4K Ultra HD,https://www.amazon.com/gp/browse.html?node=11598814011&ref_=nav_em__nav_desktop_sa_intl_4k_ultra_hd_0_2_21_5
Movies & Television,Best Sellers,https://www.amazon.com/best-sellers-movies-TV-DVD-Blu-ray/zgbs/movies-tv/?ref_=nav_em_MoviesHP_H1_BestSellers_0_2_21_6
Movies & Television,Today's Deals,https://www.amazon.com/gp/browse.html?node=2921749011&ref_=nav_em__nav_desktop_sa_intl_todays_deals_0_2_21_7
Movies & Television,New Releases,https://www.amazon.com/gp/browse.html?node=2921748011&ref_=nav_em__nav_desktop_sa_intl_new_releases_0_2_21_8
Movies & Television,Pre-orders,https://www.amazon.com/gp/browse.html?node=7353051011&ref_=nav_em__nav_desktop_sa_intl_pre_orders_0_2_21_9
Movies & Television,Kids & Family,https://www.amazon.com/gp/browse.html?node=2650365011&ref_=nav_em__nav_desktop_sa_intl_kids_and_family_0_2_21_10
Movies & Television,Prime Video,https://www.amazon.com/gp/browse.html?node=2858778011&ref_=nav_em__nav_desktop_sa_intl_prime_video_0_2_21_11
Pet supplies,Dogs,https://www.amazon.com/s?bbn=16225013011&rh=i%3Aspecialty-aps%2Cn%3A%2116225013011%2Cn%3A2975312011&ref_=nav_em__nav_desktop_sa_intl_dogs_0_2_22_2
Pet supplies,Cats,https://www.amazon.com/s?bbn=16225013011&rh=i%3Aspecialty-aps%2Cn%3A%2116225013011%2Cn%3A2975241011&ref_=nav_em__nav_desktop_sa_intl_cats_0_2_22_3
Pet supplies,Fish & Aquatic Pets,https://www.amazon.com/s?bbn=16225013011&rh=i%3Aspecialty-aps%2Cn%3A%2116225013011%2Cn%3A2975446011&ref_=nav_em__nav_desktop_sa_intl_fish_and_acquatic_pets_0_2_22_4
Pet supplies,Birds,https://www.amazon.com/s?bbn=16225013011&rh=i%3Aspecialty-aps%2Cn%3A%2116225013011%2Cn%3A2975221011&ref_=nav_em__nav_desktop_sa_intl_birds_0_2_22_5
Pet supplies,Horses,https://www.amazon.com/s?bbn=16225013011&rh=i%3Aspecialty-aps%2Cn%3A%2116225013011%2Cn%3A2975481011&ref_=nav_em__nav_desktop_sa_intl_horses_0_2_22_6
Pet supplies,Reptiles & Amphibians,https://www.amazon.com/s?bbn=16225013011&rh=i%3Aspecialty-aps%2Cn%3A%2116225013011%2Cn%3A2975504011&ref_=nav_em__nav_desktop_sa_intl_reptiles_and_amphibians_0_2_22_7
Pet supplies,Small Animals,https://www.amazon.com/s?bbn=16225013011&rh=i%3Aspecialty-aps%2Cn%3A%2116225013011%2Cn%3A2975520011&ref_=nav_em__nav_desktop_sa_intl_small_animals_0_2_22_8
Software,Accounting & Finance,https://www.amazon.com/s?bbn=16225008011&rh=i%3Aspecialty-aps%2Cn%3A%2116225008011%2Cn%3A5223260011&ref_=nav_em__nav_desktop_sa_intl_accounting_and_finance_0_2_23_2
Software,Antivirus & Security,https://www.amazon.com/s?bbn=16225008011&rh=i%3Aspecialty-aps%2Cn%3A%2116225008011%2Cn%3A229677&ref_=nav_em__nav_desktop_sa_intl_antivirus_security_0_2_23_3
Software,Business & Office,https://www.amazon.com/s?bbn=16225008011&rh=i%3Aspecialty-aps%2Cn%3A%2116225008011%2Cn%3A229535&ref_=nav_em__nav_desktop_sa_intl_business_office_0_2_23_4
Software,Children's,https://www.amazon.com/s?bbn=16225008011&rh=i%3Aspecialty-aps%2Cn%3A%2116225008011%2Cn%3A229548&ref_=nav_em__nav_desktop_sa_intl_childrens_0_2_23_5
Software,Design & Illustration,https://www.amazon.com/s?bbn=16225008011&rh=i%3Aspecialty-aps%2Cn%3A%2116225008011%2Cn%3A229614&ref_=nav_em__nav_desktop_sa_intl_design_illustration_0_2_23_6
Software,Digital Software,https://www.amazon.com/s?bbn=16225008011&rh=i%3Aspecialty-aps%2Cn%3A%2116225008011%2Cn%3A1233514011&ref_=nav_em__nav_desktop_sa_intl_digital_software_0_2_23_7
Software,Education & Reference,https://www.amazon.com/s?bbn=16225008011&rh=i%3Aspecialty-aps%2Cn%3A%2116225008011%2Cn%3A229563&ref_=nav_em__nav_desktop_sa_intl_education_reference_0_2_23_8
Software,Games,https://www.amazon.com/s?bbn=16225008011&rh=i%3Aspecialty-aps%2Cn%3A%2116225008011%2Cn%3A1294826011&ref_=nav_em__nav_desktop_sa_intl_games_0_2_23_9
Software,Lifestyle & Hobbies,https://www.amazon.com/s?bbn=16225008011&rh=i%3Aspecialty-aps%2Cn%3A%2116225008011%2Cn%3A229624&ref_=nav_em__nav_desktop_sa_intl_lifestyle_hobbies_0_2_23_10
Software,Music,https://www.amazon.com/s?bbn=16225008011&rh=i%3Aspecialty-aps%2Cn%3A%2116225008011%2Cn%3A497022&ref_=nav_em__nav_desktop_sa_intl_music_0_2_23_11
Software,Networking & Servers,https://www.amazon.com/s?bbn=16225008011&rh=i%3Aspecialty-aps%2Cn%3A%2116225008011%2Cn%3A229637&ref_=nav_em__nav_desktop_sa_intl_networking_services_0_2_23_12
Software,Operating Systems,https://www.amazon.com/s?bbn=16225008011&rh=i%3Aspecialty-aps%2Cn%3A%2116225008011%2Cn%3A229653&ref_=nav_em__nav_desktop_sa_intl_operating_systems_0_2_23_13
Software,Photography,https://www.amazon.com/s?bbn=16225008011&rh=i%3Aspecialty-aps%2Cn%3A%2116225008011%2Cn%3A229621&ref_=nav_em__nav_desktop_sa_intl_photography_0_2_23_14
Software,Programming & Web Development,https://www.amazon.com/s?bbn=16225008011&rh=i%3Aspecialty-aps%2Cn%3A%2116225008011%2Cn%3A5223262011&ref_=nav_em__nav_desktop_sa_intl_programming_web_development_0_2_23_15
Software,Tax Preparation,https://www.amazon.com/s?bbn=16225008011&rh=i%3Aspecialty-aps%2Cn%3A%2116225008011%2Cn%3A229545&ref_=nav_em__nav_desktop_sa_intl_tax_preparation_0_2_23_16
Software,Utilities,https://www.amazon.com/s?bbn=16225008011&rh=i%3Aspecialty-aps%2Cn%3A%2116225008011%2Cn%3A229672&ref_=nav_em__nav_desktop_sa_intl_utilities_0_2_23_17
Software,Video,https://www.amazon.com/s?bbn=16225008011&rh=i%3Aspecialty-aps%2Cn%3A%2116225008011%2Cn%3A290542&ref_=nav_em__nav_desktop_sa_intl_video_0_2_23_18
Sports and Outdoors,Sports and Outdoors,https://www.amazon.com/gp/browse.html?node=16225014011&ref_=nav_em__nav_desktop_sa_intl_sports_and_outdoors_0_2_24_2
Sports and Outdoors,Outdoor Recreation,https://www.amazon.com/s?bbn=16225014011&rh=i%3Aspecialty-aps%2Cn%3A%2116225014011%2Cn%3A706814011&ref_=nav_em__nav_desktop_sa_intl_outdoor_recreations_0_2_24_3
Sports and Outdoors,Sports & Fitness,https://www.amazon.com/s?bbn=16225014011&rh=i%3Aspecialty-aps%2Cn%3A%2116225014011%2Cn%3A10971181011&ref_=nav_em__nav_desktop_sa_intl_sports_fitness_0_2_24_4
Tools & Home Improvement,Tools & Home Improvement,https://www.amazon.com/gp/browse.html?node=256643011&ref_=nav_em__nav_desktop_sa_intl_tools_and_home_improvement_0_2_25_2
Tools & Home Improvement,Appliances,https://www.amazon.com/s?bbn=256643011&rh=i%3Aspecialty-aps%2Cn%3A256643011%2Cn%3A%21468240%2Cn%3A13397451&ref_=nav_em__nav_desktop_sa_intl_appliances_0_2_25_3
Tools & Home Improvement,Building Supplies,https://www.amazon.com/s?bbn=256643011&rh=i%3Aspecialty-aps%2Cn%3A256643011%2Cn%3A%21468240%2Cn%3A551240&ref_=nav_em__nav_desktop_sa_intl_building_supplies_0_2_25_4
Tools & Home Improvement,Electrical,https://www.amazon.com/s?bbn=256643011&rh=i%3Aspecialty-aps%2Cn%3A256643011%2Cn%3A%21468240%2Cn%3A495266&ref_=nav_em__nav_desktop_sa_intl_electrical_0_2_25_5
Tools & Home Improvement,Hardware,https://www.amazon.com/s?bbn=256643011&rh=i%3Aspecialty-aps%2Cn%3A256643011%2Cn%3A%21468240%2Cn%3A511228&ref_=nav_em__nav_desktop_sa_intl_hardware_0_2_25_6
Tools & Home Improvement,Kitchen & Bath Fixtures,https://www.amazon.com/s?bbn=256643011&rh=i%3Aspecialty-aps%2Cn%3A256643011%2Cn%3A%21468240%2Cn%3A3754161&ref_=nav_em__nav_desktop_sa_intl_kitchen_bath_fixtures_0_2_25_7
Tools & Home Improvement,Light Bulbs,https://www.amazon.com/s?bbn=256643011&rh=i%3Aspecialty-aps%2Cn%3A256643011%2Cn%3A%21468240%2Cn%3A322525011&ref_=nav_em__nav_desktop_sa_intl_light_bulbs_0_2_25_8
Tools & Home Improvement,Lighting & Ceiling Fans,https://www.amazon.com/s?bbn=256643011&rh=i%3Aspecialty-aps%2Cn%3A256643011%2Cn%3A%21468240%2Cn%3A495224&ref_=nav_em__nav_desktop_sa_intl_lighting_ceilling_fans_0_2_25_9
Tools & Home Improvement,Measuring & Layout Tools,https://www.amazon.com/s?bbn=256643011&rh=i%3Aspecialty-aps%2Cn%3A256643011%2Cn%3A%21468240%2Cn%3A553244&ref_=nav_em__nav_desktop_sa_intl_measuring_layout_tools_0_2_25_10
Tools & Home Improvement,Painting Supplies & Wall Treatments,https://www.amazon.com/s?bbn=256643011&rh=i%3Aspecialty-aps%2Cn%3A256643011%2Cn%3A%21468240%2Cn%3A228899&ref_=nav_em__nav_desktop_sa_intl_painting_supplies_wall_treatment_0_2_25_11
Tools & Home Improvement,Power & Hand Tools,https://www.amazon.com/s?bbn=256643011&rh=i%3Aspecialty-aps%2Cn%3A256643011%2Cn%3A%21468240%2Cn%3A328182011&ref_=nav_em__nav_desktop_sa_intl_power_hand_tools_0_2_25_12
Tools & Home Improvement,Rough Plumbing,https://www.amazon.com/s?bbn=256643011&rh=i%3Aspecialty-aps%2Cn%3A256643011%2Cn%3A%21468240%2Cn%3A13749581&ref_=nav_em__nav_desktop_sa_intl_rough_plumbing_0_2_25_13
Tools & Home Improvement,Safety & Security,https://www.amazon.com/s?bbn=256643011&rh=i%3Aspecialty-aps%2Cn%3A256643011%2Cn%3A%21468240%2Cn%3A3180231&ref_=nav_em__nav_desktop_sa_intl_safety_security_0_2_25_14
Tools & Home Improvement,Storage & Home Organization,https://www.amazon.com/s?bbn=256643011&rh=i%3Aspecialty-aps%2Cn%3A256643011%2Cn%3A%21468240%2Cn%3A13400631&ref_=nav_em__nav_desktop_sa_intl_storage_home_organization_0_2_25_15
Tools & Home Improvement,Welding & Soldering,https://www.amazon.com/s?bbn=256643011&rh=i%3Aspecialty-aps%2Cn%3A256643011%2Cn%3A%21468240%2Cn%3A8106310011&ref_=nav_em__nav_desktop_sa_intl_welding_soldering_0_2_25_16
Toys and Games,Action Figures & Statues,https://www.amazon.com/s?bbn=16225015011&rh=i%3Aspecialty-aps%2Cn%3A%2116225015011%2Cn%3A165993011&ref_=nav_em__nav_desktop_sa_intl_action_figures_statues_0_2_26_2
Toys and Games,Arts & Crafts,https://www.amazon.com/s?bbn=16225015011&rh=i%3Aspecialty-aps%2Cn%3A%2116225015011%2Cn%3A166057011&ref_=nav_em__nav_desktop_sa_intl_arts_craft_0_2_26_3
Toys and Games,Baby & Toddler Toys,https://www.amazon.com/s?bbn=16225015011&rh=i%3Aspecialty-aps%2Cn%3A%2116225015011%2Cn%3A196601011&ref_=nav_em__nav_desktop_sa_intl_baby_toddler_toys_0_2_26_4
Toys and Games,Building Toys,https://www.amazon.com/s?bbn=16225015011&rh=i%3Aspecialty-aps%2Cn%3A%2116225015011%2Cn%3A166092011&ref_=nav_em__nav_desktop_sa_intl_building_toys_0_2_26_5
Toys and Games,Dolls & Accessories,https://www.amazon.com/s?bbn=16225015011&rh=i%3Aspecialty-aps%2Cn%3A%2116225015011%2Cn%3A166118011&ref_=nav_em__nav_desktop_sa_intl_dolls_accessories_0_2_26_6
Toys and Games,Dress Up & Pretend Play,https://www.amazon.com/s?bbn=16225015011&rh=i%3Aspecialty-aps%2Cn%3A%2116225015011%2Cn%3A166316011&ref_=nav_em__nav_desktop_sa_intl_dress_up_pretend_play_0_2_26_7
Toys and Games,Kids' Electronics,https://www.amazon.com/s?bbn=16225015011&rh=i%3Aspecialty-aps%2Cn%3A%2116225015011%2Cn%3A166164011&ref_=nav_em__nav_desktop_sa_intl_kids_electronics_0_2_26_8
Toys and Games,Games,https://www.amazon.com/s?bbn=16225015011&rh=i%3Aspecialty-aps%2Cn%3A%2116225015011%2Cn%3A166220011&ref_=nav_em__nav_desktop_sa_intl_games_0_2_26_9
Toys and Games,Grown-Up Toys,https://www.amazon.com/s?bbn=16225015011&rh=i%3Aspecialty-aps%2Cn%3A%2116225015011%2Cn%3A3226142011&ref_=nav_em__nav_desktop_sa_intl_grown_up_toys_0_2_26_10
Toys and Games,Hobbies,https://www.amazon.com/s?bbn=16225015011&rh=i%3Aspecialty-aps%2Cn%3A%2116225015011%2Cn%3A276729011&ref_=nav_em__nav_desktop_sa_intl_hobbies_0_2_26_11
Toys and Games,"Kids' Furniture, Décor & Storage",https://www.amazon.com/s?bbn=16225015011&rh=i%3Aspecialty-aps%2Cn%3A%2116225015011%2Cn%3A166210011&ref_=nav_em__nav_desktop_sa_intl_kids_furniture_decor_storage_0_2_26_12
Toys and Games,Learning & Education,https://www.amazon.com/s?bbn=16225015011&rh=i%3Aspecialty-aps%2Cn%3A%2116225015011%2Cn%3A166269011&ref_=nav_em__nav_desktop_sa_intl_learning_education_0_2_26_13
Toys and Games,Novelty & Gag Toys,https://www.amazon.com/s?bbn=16225015011&rh=i%3Aspecialty-aps%2Cn%3A%2116225015011%2Cn%3A166027011&ref_=nav_em__nav_desktop_sa_intl_novelty_gag_toys_0_2_26_14
Toys and Games,Party Supplies,https://www.amazon.com/s?bbn=16225015011&rh=i%3Aspecialty-aps%2Cn%3A%2116225015011%2Cn%3A1266203011&ref_=nav_em__nav_desktop_sa_intl_party_supplies_0_2_26_15
Toys and Games,Puppets,https://www.amazon.com/s?bbn=16225015011&rh=i%3Aspecialty-aps%2Cn%3A%2116225015011%2Cn%3A166333011&ref_=nav_em__nav_desktop_sa_intl_novelty_gag_toys_0_2_26_16
Toys and Games,Puzzles,https://www.amazon.com/s?bbn=16225015011&rh=i%3Aspecialty-aps%2Cn%3A%2116225015011%2Cn%3A166359011&ref_=nav_em__nav_desktop_sa_intl_puzzles_0_2_26_17
Toys and Games,Sports & Outdoor Play,https://www.amazon.com/s?bbn=16225015011&rh=i%3Aspecialty-aps%2Cn%3A%2116225015011%2Cn%3A166420011&ref_=nav_em__nav_desktop_sa_intl_sports_outdoor_play_0_2_26_18
Toys and Games,Stuffed Animals & Plush Toys,https://www.amazon.com/s?bbn=16225015011&rh=i%3Aspecialty-aps%2Cn%3A%2116225015011%2Cn%3A166461011&ref_=nav_em__nav_desktop_sa_intl_stuffed_animals_plush_toys_0_2_26_19
Toys and Games,Toy Remote Control & Play Vehicles,https://www.amazon.com/s?bbn=16225015011&rh=i%3Aspecialty-aps%2Cn%3A%2116225015011%2Cn%3A166508011&ref_=nav_em__nav_desktop_sa_intl_toy_remote_control_play_vehicles_0_2_26_20
Toys and Games,"Tricycles, Scooters & Wagons",https://www.amazon.com/s?bbn=16225015011&rh=i%3Aspecialty-aps%2Cn%3A%2116225015011%2Cn%3A256994011&ref_=nav_em__nav_desktop_sa_intl_tricycles_scooters_wagons_0_2_26_21
Toys and Games,Video Games,https://www.amazon.com/s?bbn=16225015011&rh=i%3Aspecialty-aps%2Cn%3A%2116225015011%2Cn%3A8794716011&ref_=nav_em__nav_desktop_sa_intl_video_games_0_2_26_22
Video Games,Video Games,https://www.amazon.com/gp/browse.html?node=16225016011&ref_=nav_em__nav_desktop_sa_intl_video_games_0_2_27_2
Video Games,PlayStation 4,https://www.amazon.com/s?bbn=16225016011&rh=i%3Aspecialty-aps%2Cn%3A%2116225016011%2Cn%3A6427814011&ref_=nav_em__nav_desktop_sa_intl_playstation4_0_2_27_3
Video Games,PlayStation 3,https://www.amazon.com/s?bbn=16225016011&rh=i%3Aspecialty-aps%2Cn%3A%2116225016011%2Cn%3A14210751&ref_=nav_em__nav_desktop_sa_intl_playstation3_0_2_27_4
Video Games,Xbox One,https://www.amazon.com/s?bbn=16225016011&rh=i%3Aspecialty-aps%2Cn%3A%2116225016011%2Cn%3A6469269011&ref_=nav_em__nav_desktop_sa_intl_xbox_one_0_2_27_5
Video Games,Xbox 360,https://www.amazon.com/s?bbn=16225016011&rh=i%3Aspecialty-aps%2Cn%3A%2116225016011%2Cn%3A14220161&ref_=nav_em__nav_desktop_sa_intl_xbox_360_0_2_27_6
Video Games,Nintendo Switch,https://www.amazon.com/s?bbn=16225016011&rh=i%3Aspecialty-aps%2Cn%3A%2116225016011%2Cn%3A16227128011&ref_=nav_em__nav_desktop_sa_intl_nintendo_switch_0_2_27_7
Video Games,Wii U,https://www.amazon.com/s?bbn=16225016011&rh=i%3Aspecialty-aps%2Cn%3A%2116225016011%2Cn%3A3075112011&ref_=nav_em__nav_desktop_sa_intl_wii_u_0_2_27_8
Video Games,Wii,https://www.amazon.com/s?bbn=16225016011&rh=i%3Aspecialty-aps%2Cn%3A%2116225016011%2Cn%3A14218901&ref_=nav_em__nav_desktop_sa_intl_wii_0_2_27_9
Video Games,PC,https://www.amazon.com/s?bbn=16225016011&rh=i%3Aspecialty-aps%2Cn%3A%2116225016011%2Cn%3A229575&ref_=nav_em__nav_desktop_sa_intl_pc_0_2_27_10
Video Games,Mac,https://www.amazon.com/s?bbn=16225016011&rh=i%3Aspecialty-aps%2Cn%3A%2116225016011%2Cn%3A229647&ref_=nav_em__nav_desktop_sa_intl_mac_0_2_27_11
Video Games,Nintendo 3DS & 2DS,https://www.amazon.com/s?bbn=16225016011&rh=i%3Aspecialty-aps%2Cn%3A%2116225016011%2Cn%3A2622269011&ref_=nav_em__nav_desktop_sa_intl_nintendo_3ds_2ds_0_2_27_12
Video Games,Nintendo DS,https://www.amazon.com/s?bbn=16225016011&rh=i%3Aspecialty-aps%2Cn%3A%2116225016011%2Cn%3A11075831&ref_=nav_em__nav_desktop_sa_intl_nintendo_ds_0_2_27_13
Video Games,PlayStation Vita,https://www.amazon.com/s?bbn=16225016011&rh=i%3Aspecialty-aps%2Cn%3A%2116225016011%2Cn%3A3010556011&ref_=nav_em__nav_desktop_sa_intl_playstation_vita_0_2_27_14
Video Games,Sony PSP,https://www.amazon.com/s?bbn=16225016011&rh=i%3Aspecialty-aps%2Cn%3A%2116225016011%2Cn%3A11075221&ref_=nav_em__nav_desktop_sa_intl_sony_psp_0_2_27_15
Video Games,Retro Gaming & Microconsoles,https://www.amazon.com/s?bbn=16225016011&rh=i%3Aspecialty-aps%2Cn%3A%2116225016011%2Cn%3A294940&ref_=nav_em__nav_desktop_sa_intl_retro_gaming_microconsoles_0_2_27_16
Video Games,Accessories,https://www.amazon.com/s?bbn=16225016011&rh=i%3Aspecialty-aps%2Cn%3A%2116225016011%2Cn%3A471304&ref_=nav_em__nav_desktop_sa_intl_accessories_0_2_27_17
Video Games,Digital Games,https://www.amazon.com/s?bbn=16225016011&rh=i%3Aspecialty-aps%2Cn%3A%2116225016011%2Cn%3A979455011&ref_=nav_em__nav_desktop_sa_intl_digital_games_0_2_27_18
Video Games,Kids & Family,https://www.amazon.com/s?bbn=16225016011&rh=i%3Aspecialty-aps%2Cn%3A%2116225016011%2Cn%3A8400376011&ref_=nav_em__nav_desktop_sa_intl_kids_family_0_2_27_19
Electronics,Accessories & Supplies,https://www.amazon.com/s?bbn=16225009011&rh=i%3Aspecialty-aps%2Cn%3A%2116225009011%2Cn%3A281407&ref_=nav_em__nav_desktop_sa_intl_accessories_and_supplies_0_2_6_2
Electronics,Camera & Photo,https://www.amazon.com/s?bbn=16225009011&rh=i%3Aspecialty-aps%2Cn%3A%2116225009011%2Cn%3A502394&ref_=nav_em__nav_desktop_sa_intl_camera_and_photo_0_2_6_3
Electronics,Car & Vehicle Electronics,https://www.amazon.com/s?bbn=16225009011&rh=i%3Aspecialty-aps%2Cn%3A%2116225009011%2Cn%3A3248684011&ref_=nav_em__nav_desktop_sa_intl_car_and_vehicle_electronics_0_2_6_4
Electronics,Cell Phones & Accessories,https://www.amazon.com/s?bbn=16225009011&rh=i%3Aspecialty-aps%2Cn%3A%2116225009011%2Cn%3A2811119011&ref_=nav_em__nav_desktop_sa_intl_cell_phones_and_accessories_0_2_6_5
Electronics,Computers & Accessories,https://www.amazon.com/s?bbn=16225009011&rh=i%3Aspecialty-aps%2Cn%3A%2116225009011%2Cn%3A541966&ref_=nav_em__nav_desktop_sa_intl_computers_and_accessories_0_2_6_6
Electronics,GPS & Navigation,https://www.amazon.com/s?bbn=16225009011&rh=i%3Aspecialty-aps%2Cn%3A%2116225009011%2Cn%3A172526&ref_=nav_em__nav_desktop_sa_intl_gps_and_navigation_0_2_6_7
Electronics,Headphones,https://www.amazon.com/s?bbn=16225009011&rh=i%3Aspecialty-aps%2Cn%3A%2116225009011%2Cn%3A172541&ref_=nav_em__nav_desktop_sa_intl_headphones_0_2_6_8
Electronics,Home Audio,https://www.amazon.com/s?bbn=16225009011&rh=i%3Aspecialty-aps%2Cn%3A%2116225009011%2Cn%3A667846011&ref_=nav_em__nav_desktop_sa_intl_home_audio_0_2_6_9
Electronics,Office Electronics,https://www.amazon.com/s?bbn=16225009011&rh=i%3Aspecialty-aps%2Cn%3A%2116225009011%2Cn%3A172574&ref_=nav_em__nav_desktop_sa_intl_office_electronics_0_2_6_10
Electronics,Portable Audio & Video,https://www.amazon.com/s?bbn=16225009011&rh=i%3Aspecialty-aps%2Cn%3A%2116225009011%2Cn%3A172623&ref_=nav_em__nav_desktop_sa_intl_portable_audio_and_video_0_2_6_11
Electronics,Security & Surveillance,https://www.amazon.com/s?bbn=16225009011&rh=i%3Aspecialty-aps%2Cn%3A%2116225009011%2Cn%3A524136&ref_=nav_em__nav_desktop_sa_intl_security_and_surveillance_0_2_6_12
Electronics,Service Plans,https://www.amazon.com/s?bbn=16225009011&rh=i%3Aspecialty-aps%2Cn%3A%2116225009011%2Cn%3A16285901&ref_=nav_em__nav_desktop_sa_intl_service_plans_0_2_6_13
Electronics,Television & Video,https://www.amazon.com/s?bbn=16225009011&rh=i%3Aspecialty-aps%2Cn%3A%2116225009011%2Cn%3A1266092011&ref_=nav_em__nav_desktop_sa_intl_television_and_video_0_2_6_14
Electronics,Video Game Consoles & Accessories,https://www.amazon.com/s?bbn=16225009011&rh=i%3Aspecialty-aps%2Cn%3A%2116225009011%2Cn%3A7926841011&ref_=nav_em__nav_desktop_sa_intl_video_game_consoles_and_accessories_0_2_6_15
Electronics,Video Projectors,https://www.amazon.com/s?bbn=16225009011&rh=i%3Aspecialty-aps%2Cn%3A%2116225009011%2Cn%3A300334&ref_=nav_em__nav_desktop_sa_intl_video_projectors_0_2_6_16
Electronics,Wearable Technology,https://www.amazon.com/s?bbn=16225009011&rh=i%3Aspecialty-aps%2Cn%3A%2116225009011%2Cn%3A10048700011&ref_=nav_em__nav_desktop_sa_intl_wearable_technology_0_2_6_17
Electronics,eBook Readers & Accessories,https://www.amazon.com/s?bbn=16225009011&rh=i%3Aspecialty-aps%2Cn%3A%2116225009011%2Cn%3A2642125011&ref_=nav_em__nav_desktop_sa_intl_ebook_readers_and_accessories_0_2_6_18
Computers,Computer Accessories & Peripherals,https://www.amazon.com/s?bbn=16225007011&rh=i%3Aspecialty-aps%2Cn%3A16225007011%2Cn%3A172456&ref_=nav_em__nav_desktop_sa_intl_computer_accessories_and_peripherals_0_2_7_2
Computers,Computer Components,https://www.amazon.com/s?bbn=16225007011&rh=i%3Aspecialty-aps%2Cn%3A16225007011%2Cn%3A193870011&ref_=nav_em__nav_desktop_sa_intl_computer_components_0_2_7_3
Computers,Computers & Tablets,https://www.amazon.com/s?bbn=16225007011&rh=i%3Aspecialty-aps%2Cn%3A16225007011%2Cn%3A13896617011&ref_=nav_em__nav_desktop_sa_intl_computers_tablets_0_2_7_4
Computers,Data Storage,https://www.amazon.com/s?bbn=16225007011&rh=i%3Aspecialty-aps%2Cn%3A16225007011%2Cn%3A1292110011&ref_=nav_em__nav_desktop_sa_intl_data_storage_0_2_7_5
Computers,External Components,https://www.amazon.com/s?bbn=16225007011&rh=i%3Aspecialty-aps%2Cn%3A16225007011%2Cn%3A3012292011&ref_=nav_em__nav_desktop_sa_intl_external_components_0_2_7_6
Computers,Laptop Accessories,https://www.amazon.com/s?bbn=16225007011&rh=i%3Aspecialty-aps%2Cn%3A16225007011%2Cn%3A3011391011&ref_=nav_em__nav_desktop_sa_intl_laptop_accessories_0_2_7_7
Computers,Monitors,https://www.amazon.com/s?bbn=16225007011&rh=i%3Aspecialty-aps%2Cn%3A16225007011%2Cn%3A1292115011&ref_=nav_em__nav_desktop_sa_intl_monitors_0_2_7_8
Computers,Networking Products,https://www.amazon.com/s?bbn=16225007011&rh=i%3Aspecialty-aps%2Cn%3A16225007011%2Cn%3A172504&ref_=nav_em__nav_desktop_sa_intl_networking_products_0_2_7_9
Computers,Power Strips & Surge Protectors,https://www.amazon.com/s?bbn=16225007011&rh=i%3Aspecialty-aps%2Cn%3A16225007011%2Cn%3A17854127011&ref_=nav_em__nav_desktop_sa_intl_power_strips_and_surge_protectors_0_2_7_10
Computers,Printers,https://www.amazon.com/s?bbn=16225007011&rh=i%3Aspecialty-aps%2Cn%3A16225007011%2Cn%3A172635&ref_=nav_em__nav_desktop_sa_intl_printers_0_2_7_11
Computers,Scanners,https://www.amazon.com/s?bbn=16225007011&rh=i%3Aspecialty-aps%2Cn%3A16225007011%2Cn%3A172584&ref_=nav_em__nav_desktop_sa_intl_scanners_0_2_7_12
Computers,Servers,https://www.amazon.com/s?bbn=16225007011&rh=i%3Aspecialty-aps%2Cn%3A16225007011%2Cn%3A11036071&ref_=nav_em__nav_desktop_sa_intl_servers_0_2_7_13
Computers,Tablet Accessories,https://www.amazon.com/s?bbn=16225007011&rh=i%3Aspecialty-aps%2Cn%3A16225007011%2Cn%3A2348628011&ref_=nav_em__nav_desktop_sa_intl_tablet_accessories_0_2_7_14
Computers,Tablet Replacement Parts,https://www.amazon.com/s?bbn=16225007011&rh=i%3Aspecialty-aps%2Cn%3A16225007011%2Cn%3A15524379011&ref_=nav_em__nav_desktop_sa_intl_tablet_replacement_parts_0_2_7_15
Computers,Warranties & Services,https://www.amazon.com/s?bbn=16225007011&rh=i%3Aspecialty-aps%2Cn%3A16225007011%2Cn%3A16285851&ref_=nav_em__nav_desktop_sa_intl_warranties_and_services_0_2_7_16
Smart Home,Amazon Smart Home,https://www.amazon.com/gp/browse.html?node=6563140011&ref_=nav_em_amazon_smart_home_0_2_8_2
Smart Home,Works with Alexa Devices,https://www.amazon.com/gp/browse.html?node=73846268011&ref_=nav_em__ods_ha_vicc_ee_0_2_8_3
Smart Home,Smart Home Lighting,https://www.amazon.com/gp/browse.html?node=21217035011&ref_=nav_em_sh_lighting_0_2_8_4
Smart Home,Smart Locks and Entry,https://www.amazon.com/gp/browse.html?node=21216824011&ref_=nav_em_sh_locks-entry_0_2_8_5
Smart Home,Security Cameras and Systems,https://www.amazon.com/gp/browse.html?node=21217033011&ref_=nav_em_sh_security-cameras-systems_0_2_8_6
Smart Home,Plugs and Outlets,https://www.amazon.com/gp/browse.html?node=21217037011&ref_=nav_em_sh_plugs-outlets_0_2_8_7
Smart Home,New Smart Devices,https://www.amazon.com/gp/browse.html?node=19185106011&ref_=nav_em_sh_new-devices_0_2_8_8
Smart Home,Heating and Cooling,https://www.amazon.com/gp/browse.html?node=21217041011&ref_=nav_em_sh_heating-cooling_0_2_8_9
Smart Home,Detectors and Sensors,https://www.amazon.com/gp/browse.html?node=21217048011&ref_=nav_em_sh_detectors-sensors_0_2_8_10
Smart Home,Home Entertainment,https://www.amazon.com/gp/browse.html?node=21216826011&ref_=nav_em_sh_home-entertainment_0_2_8_11
Smart Home,Pet,https://www.amazon.com/gp/browse.html?node=21221447011&ref_=nav_em_sh_pet_0_2_8_12
Smart Home,Voice Assistants and Hubs,https://www.amazon.com/gp/browse.html?node=21216812011&ref_=nav_em_sh_voice-assistants-hubs_0_2_8_13
Smart Home,Kitchen,https://www.amazon.com/gp/browse.html?node=21217039011&ref_=nav_em_sh_kitchen_0_2_8_14
Smart Home,Vacuums and Mops,https://www.amazon.com/gp/browse.html?node=21217038011&ref_=nav_em_sh_vacuums-mops_0_2_8_15
Smart Home,Lawn and Garden,https://www.amazon.com/gp/browse.html?node=21217056011&ref_=nav_em_sh_lawn-garden_0_2_8_16
Smart Home,WIFI and Networking,https://www.amazon.com/gp/browse.html?node=21217028011&ref_=nav_em_sh_wifi-networking_0_2_8_17
Smart Home,Other Solutions,https://www.amazon.com/gp/browse.html?node=21217060011&ref_=nav_em_sh_other_0_2_8_18
Arts & Crafts,"Painting, Drawing & Art Supplies",https://www.amazon.com/s?bbn=4954955011&rh=i%3Aspecialty-aps%2Cn%3A4954955011%2Cn%3A%212617942011%2Cn%3A2747968011&ref_=nav_em__nav_desktop_sa_intl_painting_drawing_supplies_0_2_9_2
Arts & Crafts,Beading & Jewelry Making,https://www.amazon.com/s?bbn=4954955011&rh=i%3Aspecialty-aps%2Cn%3A4954955011%2Cn%3A%212617942011%2Cn%3A12896081&ref_=nav_em__nav_desktop_sa_intl__beading_jewelry_making_0_2_9_3
Arts & Crafts,Crafting,https://www.amazon.com/s?bbn=4954955011&rh=i%3Aspecialty-aps%2Cn%3A4954955011%2Cn%3A%212617942011%2Cn%3A378733011&ref_=nav_em__nav_desktop_sa_intl_crafting_0_2_9_4
Arts & Crafts,Fabric,https://www.amazon.com/s?bbn=4954955011&rh=i%3Aspecialty-aps%2Cn%3A4954955011%2Cn%3A%212617942011%2Cn%3A12899121&ref_=nav_em__nav_desktop_sa_intl_fabric_0_2_9_5
Arts & Crafts,Fabric Decorating,https://www.amazon.com/s?bbn=4954955011&rh=i%3Aspecialty-aps%2Cn%3A4954955011%2Cn%3A%212617942011%2Cn%3A12896841&ref_=nav_em__nav_desktop_sa_intl_fabric_decorating_0_2_9_6
Arts & Crafts,Knitting & Crochet,https://www.amazon.com/s?bbn=4954955011&rh=i%3Aspecialty-aps%2Cn%3A4954955011%2Cn%3A%212617942011%2Cn%3A12897221&ref_=nav_em__nav_desktop_sa_intl_knitting_crochet_0_2_9_7
Arts & Crafts,Needlework,https://www.amazon.com/s?bbn=4954955011&rh=i%3Aspecialty-aps%2Cn%3A4954955011%2Cn%3A%212617942011%2Cn%3A2237329011&ref_=nav_em__nav_desktop_sa_intl_needlework_0_2_9_8
Arts & Crafts,"Organization, Storage & Transport",https://www.amazon.com/s?bbn=4954955011&rh=i%3Aspecialty-aps%2Cn%3A4954955011%2Cn%3A%212617942011%2Cn%3A2237594011&ref_=nav_em__nav_desktop_sa_intl_organization_storage_transport_0_2_9_9
Arts & Crafts,Printmaking,https://www.amazon.com/s?bbn=4954955011&rh=i%3Aspecialty-aps%2Cn%3A4954955011%2Cn%3A%212617942011%2Cn%3A12898451&ref_=nav_em__nav_desktop_sa_intl_printmaking_0_2_9_10
Arts & Crafts,Scrapbooking & Stamping,https://www.amazon.com/s?bbn=4954955011&rh=i%3Aspecialty-aps%2Cn%3A4954955011%2Cn%3A%212617942011%2Cn%3A12898821&ref_=nav_em__nav_desktop_sa_intl_scrapbookig_stamping_0_2_9_11
Arts & Crafts,Sewing,https://www.amazon.com/s?bbn=4954955011&rh=i%3Aspecialty-aps%2Cn%3A4954955011%2Cn%3A%212617942011%2Cn%3A12899091&ref_=nav_em__nav_desktop_sa_intl_sewing_0_2_9_12
Arts & Crafts,Party Decorations & Supplies,https://www.amazon.com/s?bbn=4954955011&rh=i%3Aspecialty-aps%2Cn%3A4954955011%2Cn%3A%212617942011%2Cn%3A723469011&ref_=nav_em__nav_desktop_sa_intl_party_decorations_supplies_0_2_9_13
Arts & Crafts,Gift Wrapping Supplies,https://www.amazon.com/s?bbn=4954955011&rh=i%3Aspecialty-aps%2Cn%3A4954955011%2Cn%3A%212617942011%2Cn%3A723452011&ref_=nav_em__nav_desktop_sa_intl_gift_wrapping_supplies_0_2_9_14
